name,types
Jersey Mike's Subs,"meal_takeaway, restaurant, food, point_of_interest, store, establishment"
Panera Bread,"cafe, bakery, meal_takeaway, restaurant, food, point_of_interest, store, establishment"
Timberwood Tap House,"restaurant, food, point_of_interest, establishment"
Alamo Drafthouse Cinema Charlottesville,"movie_theater, bar, restaurant, food, point_of_interest, establishment"
Subway,"meal_takeaway, restaurant, food, point_of_interest, establishment"
Domino's Pizza,"meal_delivery, meal_takeaway, restaurant, food, point_of_interest, establishment"
Jade Garden,"restaurant, food, point_of_interest, establishment"
Wooden Sun,"home_goods_store, restaurant, food, point_of_interest, store, establishment"
The Market at Mill Creek,"convenience_store, gas_station, restaurant, food, point_of_interest, store, establishment"
Taco Bell,"meal_takeaway, restaurant, food, point_of_interest, establishment"
Burger King,"restaurant, food, point_of_interest, establishment"
Krispy Kreme,"bakery, cafe, restaurant, food, point_of_interest, store, establishment"
Al Carbon,"restaurant, food, point_of_interest, establishment"
Kanak Indian Kitchen,"restaurant, meal_delivery, meal_takeaway, food, point_of_interest, establishment"
BurgerFi,"meal_takeaway, restaurant, food, point_of_interest, establishment"
Harold’s Chicken,"restaurant, food, point_of_interest, establishment"
Wing Zone,"meal_delivery, meal_takeaway, restaurant, food, point_of_interest, establishment"
Cold Stone Creamery,"bakery, restaurant, food, point_of_interest, store, establishment"
Chimm - Thai & Southeast Asian Restaurant,"restaurant, food, point_of_interest, establishment"
Glass Half Full Taproom,"bar, restaurant, food, point_of_interest, establishment"
Panera Bread,"cafe, bakery, meal_takeaway, restaurant, food, point_of_interest, store, establishment"
Jersey Mike's Subs,"meal_takeaway, restaurant, food, point_of_interest, store, establishment"
Timberwood Tap House,"restaurant, food, point_of_interest, establishment"
Alamo Drafthouse Cinema Charlottesville,"movie_theater, bar, restaurant, food, point_of_interest, establishment"
Subway,"meal_takeaway, restaurant, food, point_of_interest, establishment"
Domino's Pizza,"meal_delivery, meal_takeaway, restaurant, food, point_of_interest, establishment"
Moose's By The Creek,"restaurant, food, point_of_interest, establishment"
Jade Garden,"restaurant, food, point_of_interest, establishment"
Wooden Sun,"home_goods_store, restaurant, food, point_of_interest, store, establishment"
The Market at Mill Creek,"convenience_store, gas_station, restaurant, food, point_of_interest, store, establishment"
Brazos Tacos,"restaurant, food, point_of_interest, establishment"
Taco Bell,"meal_takeaway, restaurant, food, point_of_interest, establishment"
Burger King,"restaurant, food, point_of_interest, establishment"
Krispy Kreme,"bakery, cafe, restaurant, food, point_of_interest, store, establishment"
Kanak Indian Kitchen,"restaurant, meal_delivery, meal_takeaway, food, point_of_interest, establishment"
Al Carbon,"restaurant, food, point_of_interest, establishment"
BurgerFi,"meal_takeaway, restaurant, food, point_of_interest, establishment"
Harold’s Chicken,"restaurant, food, point_of_interest, establishment"
Wing Zone,"meal_delivery, meal_takeaway, restaurant, food, point_of_interest, establishment"
Glass Half Full Taproom,"bar, restaurant, food, point_of_interest, establishment"
The Local,"bar, restaurant, food, point_of_interest, establishment"
Mas,"restaurant, food, point_of_interest, establishment"
Moose's By The Creek,"restaurant, food, point_of_interest, establishment"
Panera Bread,"cafe, meal_takeaway, bakery, restaurant, food, store, point_of_interest, establishment"
Jersey Mike's Subs,"meal_takeaway, restaurant, food, store, point_of_interest, establishment"
Timberwood Tap House,"restaurant, food, point_of_interest, establishment"
Alamo Drafthouse Cinema Charlottesville,"movie_theater, bar, restaurant, food, point_of_interest, establishment"
Subway,"meal_takeaway, restaurant, food, point_of_interest, establishment"
Tavola,"liquor_store, bar, restaurant, food, store, point_of_interest, establishment"
Domino's Pizza,"meal_takeaway, meal_delivery, restaurant, food, point_of_interest, establishment"
Wooden Sun,"home_goods_store, restaurant, food, store, point_of_interest, establishment"
Brazos Tacos,"restaurant, food, point_of_interest, establishment"
Jade Garden,"restaurant, food, point_of_interest, establishment"
The Market at Mill Creek,"gas_station, convenience_store, restaurant, food, store, point_of_interest, establishment"
Taco Bell,"meal_takeaway, restaurant, food, point_of_interest, establishment"
Southern Crescent Galley and Bar,"restaurant, food, point_of_interest, establishment"
Burger King,"restaurant, food, point_of_interest, establishment"
Krispy Kreme,"cafe, bakery, restaurant, food, store, point_of_interest, establishment"
Kanak Indian Kitchen,"restaurant, meal_takeaway, meal_delivery, food, point_of_interest, establishment"
BurgerFi,"meal_takeaway, restaurant, food, point_of_interest, establishment"
Michie Tavern ca. 1784,"restaurant, tourist_attraction, liquor_store, bar, store, food, point_of_interest, establishment"
The Local,"bar, restaurant, food, point_of_interest, establishment"
Mas,"restaurant, food, point_of_interest, establishment"
La Guadalupana Latino Market,"grocery_or_supermarket, store, restaurant, food, point_of_interest, establishment"
The Red Lantern,"restaurant, food, point_of_interest, establishment"
Belmont Pizza & Pub,"meal_delivery, meal_takeaway, bar, restaurant, food, point_of_interest, establishment"
Tavola,"liquor_store, bar, store, restaurant, food, point_of_interest, establishment"
Moose's By The Creek,"restaurant, food, point_of_interest, establishment"
Panera Bread,"cafe, meal_takeaway, bakery, store, restaurant, food, point_of_interest, establishment"
Jersey Mike's Subs,"meal_takeaway, store, restaurant, food, point_of_interest, establishment"
Timberwood Tap House,"restaurant, food, point_of_interest, establishment"
Alamo Drafthouse Cinema Charlottesville,"movie_theater, bar, restaurant, food, point_of_interest, establishment"
Brazos Tacos,"restaurant, food, point_of_interest, establishment"
Wooden Sun,"home_goods_store, store, restaurant, food, point_of_interest, establishment"
Southern Crescent Galley and Bar,"restaurant, food, point_of_interest, establishment"
Cactus Mexican Restaurant,"restaurant, food, point_of_interest, establishment"
The Market at Mill Creek,"gas_station, convenience_store, store, restaurant, food, point_of_interest, establishment"
Subway,"meal_takeaway, restaurant, food, point_of_interest, establishment"
Domino's Pizza,"meal_delivery, meal_takeaway, restaurant, food, point_of_interest, establishment"
Jade Garden,"restaurant, food, point_of_interest, establishment"
Michie Tavern ca. 1784,"restaurant, tourist_attraction, liquor_store, bar, point_of_interest, store, food, establishment"
The Local,"bar, restaurant, point_of_interest, food, establishment"
Mas,"restaurant, point_of_interest, food, establishment"
Beer Run,"restaurant, liquor_store, bar, point_of_interest, store, food, establishment"
Belmont Pizza & Pub,"meal_delivery, bar, meal_takeaway, restaurant, point_of_interest, food, establishment"
La Guadalupana Latino Market,"grocery_or_supermarket, restaurant, point_of_interest, store, food, establishment"
The Red Lantern,"restaurant, point_of_interest, food, establishment"
Pad Thai,"restaurant, point_of_interest, food, establishment"
Tavola,"liquor_store, bar, restaurant, point_of_interest, store, food, establishment"
Moose's By The Creek,"restaurant, point_of_interest, food, establishment"
Cactus Mexican Restaurant,"restaurant, point_of_interest, food, establishment"
Southern Crescent Galley and Bar,"restaurant, point_of_interest, food, establishment"
Wooden Sun,"home_goods_store, restaurant, point_of_interest, store, food, establishment"
Brazos Tacos,"restaurant, point_of_interest, food, establishment"
Panera Bread,"cafe, meal_takeaway, bakery, restaurant, point_of_interest, store, food, establishment"
Jersey Mike's Subs,"meal_takeaway, restaurant, point_of_interest, store, food, establishment"
Canelo's Burritos,"restaurant, point_of_interest, food, establishment"
Spencer party,"restaurant, point_of_interest, food, establishment"
Mockingbird,"restaurant, point_of_interest, food, establishment"
CONMOLE,"restaurant, point_of_interest, food, establishment"
Michie Tavern ca. 1784,"restaurant, tourist_attraction, liquor_store, bar, store, food, point_of_interest, establishment"
The Local,"bar, restaurant, food, point_of_interest, establishment"
Beer Run,"restaurant, liquor_store, bar, store, food, point_of_interest, establishment"
Belmont Pizza & Pub,"meal_takeaway, bar, meal_delivery, restaurant, food, point_of_interest, establishment"
Mas,"restaurant, food, point_of_interest, establishment"
La Guadalupana Latino Market,"grocery_or_supermarket, restaurant, store, food, point_of_interest, establishment"
The Red Lantern,"restaurant, food, point_of_interest, establishment"
Pad Thai,"restaurant, food, point_of_interest, establishment"
Tavola,"liquor_store, bar, restaurant, store, food, point_of_interest, establishment"
Moose's By The Creek,"restaurant, food, point_of_interest, establishment"
Cactus Mexican Restaurant,"restaurant, food, point_of_interest, establishment"
Southern Crescent Galley and Bar,"restaurant, food, point_of_interest, establishment"
Wooden Sun,"home_goods_store, restaurant, store, food, point_of_interest, establishment"
FIREFLY Restaurant + Game Room,"bar, restaurant, food, point_of_interest, establishment"
Brazos Tacos,"restaurant, food, point_of_interest, establishment"
Canelo's Burritos,"restaurant, food, point_of_interest, establishment"
Monticello Café,"restaurant, food, point_of_interest, establishment"
Spencer party,"restaurant, food, point_of_interest, establishment"
Mockingbird,"restaurant, food, point_of_interest, establishment"
CONMOLE,"restaurant, food, point_of_interest, establishment"
Michie Tavern ca. 1784,"restaurant, tourist_attraction, liquor_store, bar, point_of_interest, store, food, establishment"
Beer Run,"restaurant, liquor_store, bar, point_of_interest, store, food, establishment"
Belmont Pizza & Pub,"meal_delivery, bar, meal_takeaway, restaurant, point_of_interest, food, establishment"
The Local,"bar, restaurant, point_of_interest, food, establishment"
La Guadalupana Latino Market,"grocery_or_supermarket, restaurant, point_of_interest, store, food, establishment"
The Red Lantern,"restaurant, point_of_interest, food, establishment"
Mas,"restaurant, point_of_interest, food, establishment"
Pad Thai,"restaurant, point_of_interest, food, establishment"
Tavola,"liquor_store, bar, restaurant, point_of_interest, store, food, establishment"
Moose's By The Creek,"restaurant, point_of_interest, food, establishment"
Cactus Mexican Restaurant,"restaurant, point_of_interest, food, establishment"
FIREFLY Restaurant + Game Room,"bar, restaurant, point_of_interest, food, establishment"
Southern Crescent Galley and Bar,"restaurant, point_of_interest, food, establishment"
Monticello Café,"restaurant, point_of_interest, food, establishment"
Canelo's Burritos,"restaurant, point_of_interest, food, establishment"
Broadcloth,"restaurant, point_of_interest, food, establishment"
Mockingbird,"restaurant, point_of_interest, food, establishment"
Spencer party,"restaurant, point_of_interest, food, establishment"
CONMOLE,"restaurant, point_of_interest, food, establishment"
Belle,"restaurant, point_of_interest, food, establishment"
Michie Tavern ca. 1784,"restaurant, tourist_attraction, liquor_store, bar, food, point_of_interest, store, establishment"
Beer Run,"restaurant, liquor_store, bar, food, point_of_interest, store, establishment"
Belmont Pizza & Pub,"meal_delivery, bar, meal_takeaway, restaurant, food, point_of_interest, establishment"
La Guadalupana Latino Market,"grocery_or_supermarket, restaurant, food, point_of_interest, store, establishment"
The Red Lantern,"restaurant, food, point_of_interest, establishment"
Mas,"restaurant, food, point_of_interest, establishment"
Pad Thai,"restaurant, food, point_of_interest, establishment"
Moose's By The Creek,"restaurant, food, point_of_interest, establishment"
Cactus Mexican Restaurant,"restaurant, food, point_of_interest, establishment"
FIREFLY Restaurant + Game Room,"bar, restaurant, food, point_of_interest, establishment"
Monticello Café,"restaurant, food, point_of_interest, establishment"
Broadcloth,"restaurant, food, point_of_interest, establishment"
Canelo's Burritos,"restaurant, food, point_of_interest, establishment"
Holly's Diner,"restaurant, food, point_of_interest, establishment"
Orzo Kitchen & Wine Bar,"bar, restaurant, point_of_interest, food, establishment"
Panera Bread,"cafe, bakery, meal_takeaway, store, restaurant, point_of_interest, food, establishment"
Alamo Drafthouse Cinema Charlottesville,"movie_theater, bar, restaurant, point_of_interest, food, establishment"
Jersey Mike's Subs,"meal_takeaway, store, restaurant, point_of_interest, food, establishment"
Timberwood Tap House,"restaurant, point_of_interest, food, establishment"
Subway,"meal_takeaway, restaurant, point_of_interest, food, establishment"
Domino's Pizza,"meal_delivery, meal_takeaway, restaurant, point_of_interest, food, establishment"
Blue Moon Diner,"bar, meal_takeaway, restaurant, point_of_interest, food, establishment"
Brazos Tacos,"restaurant, point_of_interest, food, establishment"
Jade Garden,"restaurant, point_of_interest, food, establishment"
Wooden Sun,"home_goods_store, store, restaurant, point_of_interest, food, establishment"
The Market at Mill Creek,"convenience_store, gas_station, store, restaurant, point_of_interest, food, establishment"
Taco Bell,"meal_takeaway, restaurant, point_of_interest, food, establishment"
Burger King,"restaurant, point_of_interest, food, establishment"
Jefferson Ale House,"bar, restaurant, point_of_interest, food, establishment"
Kanak Indian Kitchen,"restaurant, meal_delivery, meal_takeaway, point_of_interest, food, establishment"
Glass Half Full Taproom,"bar, restaurant, point_of_interest, food, establishment"
Harold’s Chicken,"restaurant, point_of_interest, food, establishment"
BurgerFi,"meal_takeaway, restaurant, point_of_interest, food, establishment"
Wing Zone,"meal_delivery, meal_takeaway, restaurant, point_of_interest, food, establishment"
The Local,"bar, restaurant, food, point_of_interest, establishment"
South Street Brewery,"bar, restaurant, food, point_of_interest, establishment"
Mas,"restaurant, food, point_of_interest, establishment"
Continental Divide,"restaurant, food, point_of_interest, establishment"
Orzo Kitchen & Wine Bar,"bar, restaurant, food, point_of_interest, establishment"
Tavola,"liquor_store, bar, restaurant, food, store, point_of_interest, establishment"
Blue Moon Diner,"meal_takeaway, bar, restaurant, food, point_of_interest, establishment"
Maya,"bar, restaurant, food, point_of_interest, establishment"
Panera Bread,"cafe, meal_takeaway, bakery, restaurant, food, store, point_of_interest, establishment"
Alamo Drafthouse Cinema Charlottesville,"movie_theater, bar, restaurant, food, point_of_interest, establishment"
Jersey Mike's Subs,"meal_takeaway, restaurant, food, store, point_of_interest, establishment"
Timberwood Tap House,"restaurant, food, point_of_interest, establishment"
Subway,"meal_takeaway, restaurant, food, point_of_interest, establishment"
Brazos Tacos,"restaurant, food, point_of_interest, establishment"
Moose's By The Creek,"restaurant, food, point_of_interest, establishment"
Domino's Pizza,"meal_takeaway, meal_delivery, restaurant, food, point_of_interest, establishment"
Jade Garden,"restaurant, food, point_of_interest, establishment"
Wooden Sun,"home_goods_store, restaurant, food, store, point_of_interest, establishment"
Southern Crescent Galley and Bar,"restaurant, food, point_of_interest, establishment"
Sultan Kebab,"restaurant, food, point_of_interest, establishment"
The Local,"bar, restaurant, food, point_of_interest, establishment"
South Street Brewery,"bar, restaurant, food, point_of_interest, establishment"
Mas,"restaurant, food, point_of_interest, establishment"
C & O,"bar, restaurant, food, point_of_interest, establishment"
La Guadalupana Latino Market,"grocery_or_supermarket, restaurant, food, store, point_of_interest, establishment"
The Red Lantern,"restaurant, food, point_of_interest, establishment"
Ten,"restaurant, food, point_of_interest, establishment"
Belmont Pizza & Pub,"meal_takeaway, bar, meal_delivery, restaurant, food, point_of_interest, establishment"
Beer Run,"restaurant, liquor_store, bar, food, store, point_of_interest, establishment"
The Nook,"bar, restaurant, food, point_of_interest, establishment"
Citizen Burger Bar,"bar, restaurant, food, point_of_interest, establishment"
Orzo Kitchen & Wine Bar,"bar, restaurant, food, point_of_interest, establishment"
Hamiltons' at First & Main,"restaurant, food, point_of_interest, establishment"
Continental Divide,"restaurant, food, point_of_interest, establishment"
The Whiskey Jar,"restaurant, food, point_of_interest, establishment"
Guadalajara,"restaurant, food, point_of_interest, establishment"
Tavola,"liquor_store, bar, restaurant, food, store, point_of_interest, establishment"
Miller's Downtown,"restaurant, bar, food, point_of_interest, establishment"
Christian's Pizza,"restaurant, food, point_of_interest, establishment"
Rapture Restaurant,"restaurant, bar, night_club, food, point_of_interest, establishment"
Michie Tavern ca. 1784,"restaurant, tourist_attraction, liquor_store, bar, food, point_of_interest, store, establishment"
The Local,"bar, restaurant, food, point_of_interest, establishment"
Beer Run,"restaurant, liquor_store, bar, food, point_of_interest, store, establishment"
South Street Brewery,"bar, restaurant, food, point_of_interest, establishment"
Belmont Pizza & Pub,"meal_delivery, bar, meal_takeaway, restaurant, food, point_of_interest, establishment"
Mas,"restaurant, food, point_of_interest, establishment"
C & O,"bar, restaurant, food, point_of_interest, establishment"
La Guadalupana Latino Market,"grocery_or_supermarket, restaurant, food, point_of_interest, store, establishment"
The Red Lantern,"restaurant, food, point_of_interest, establishment"
Ten,"restaurant, food, point_of_interest, establishment"
The Nook,"bar, restaurant, food, point_of_interest, establishment"
Guadalajara,"restaurant, food, point_of_interest, establishment"
Citizen Burger Bar,"bar, restaurant, food, point_of_interest, establishment"
Hamiltons' at First & Main,"restaurant, food, point_of_interest, establishment"
Pad Thai,"restaurant, food, point_of_interest, establishment"
The Whiskey Jar,"restaurant, food, point_of_interest, establishment"
Orzo Kitchen & Wine Bar,"bar, restaurant, food, point_of_interest, establishment"
Tavola,"liquor_store, bar, restaurant, food, point_of_interest, store, establishment"
Rapture Restaurant,"restaurant, night_club, bar, food, point_of_interest, establishment"
Miller's Downtown,"restaurant, bar, food, point_of_interest, establishment"
Michie Tavern ca. 1784,"restaurant, tourist_attraction, liquor_store, bar, store, food, point_of_interest, establishment"
The Local,"bar, restaurant, food, point_of_interest, establishment"
Beer Run,"restaurant, liquor_store, bar, store, food, point_of_interest, establishment"
Belmont Pizza & Pub,"meal_takeaway, bar, meal_delivery, restaurant, food, point_of_interest, establishment"
Mas,"restaurant, food, point_of_interest, establishment"
C & O,"bar, restaurant, food, point_of_interest, establishment"
South Street Brewery,"bar, restaurant, food, point_of_interest, establishment"
La Guadalupana Latino Market,"grocery_or_supermarket, restaurant, store, food, point_of_interest, establishment"
The Red Lantern,"restaurant, food, point_of_interest, establishment"
Guadalajara,"restaurant, food, point_of_interest, establishment"
Ten,"restaurant, food, point_of_interest, establishment"
The Nook,"bar, restaurant, food, point_of_interest, establishment"
Pad Thai,"restaurant, food, point_of_interest, establishment"
Citizen Burger Bar,"bar, restaurant, food, point_of_interest, establishment"
Hamiltons' at First & Main,"restaurant, food, point_of_interest, establishment"
Tavola,"liquor_store, bar, restaurant, store, food, point_of_interest, establishment"
Rapture Restaurant,"restaurant, night_club, bar, food, point_of_interest, establishment"
Twisted Branch Tea Bazaar,"cafe, restaurant, food, point_of_interest, establishment"
Zocalo,"bar, restaurant, food, point_of_interest, establishment"
Miller's Downtown,"restaurant, bar, food, point_of_interest, establishment"
Michie Tavern ca. 1784,"restaurant, tourist_attraction, liquor_store, bar, food, store, point_of_interest, establishment"
The Local,"bar, restaurant, food, point_of_interest, establishment"
Beer Run,"restaurant, liquor_store, bar, food, store, point_of_interest, establishment"
Belmont Pizza & Pub,"meal_takeaway, bar, meal_delivery, restaurant, food, point_of_interest, establishment"
Mas,"restaurant, food, point_of_interest, establishment"
C & O,"bar, restaurant, food, point_of_interest, establishment"
La Guadalupana Latino Market,"grocery_or_supermarket, restaurant, food, store, point_of_interest, establishment"
The Red Lantern,"restaurant, food, point_of_interest, establishment"
Guadalajara,"restaurant, food, point_of_interest, establishment"
South Street Brewery,"bar, restaurant, food, point_of_interest, establishment"
Pad Thai,"restaurant, food, point_of_interest, establishment"
The Nook,"bar, restaurant, food, point_of_interest, establishment"
Ten,"restaurant, food, point_of_interest, establishment"
Tavola,"liquor_store, bar, restaurant, food, store, point_of_interest, establishment"
Citizen Burger Bar,"bar, restaurant, food, point_of_interest, establishment"
Twisted Branch Tea Bazaar,"cafe, restaurant, food, point_of_interest, establishment"
Rapture Restaurant,"restaurant, bar, night_club, food, point_of_interest, establishment"
Tastings of Charlottesville,"liquor_store, bar, restaurant, food, store, point_of_interest, establishment"
Zocalo,"bar, restaurant, food, point_of_interest, establishment"
Sal's Caffe Italia,"meal_takeaway, bar, restaurant, food, point_of_interest, establishment"
Michie Tavern ca. 1784,"restaurant, liquor_store, tourist_attraction, bar, store, point_of_interest, food, establishment"
The Local,"bar, restaurant, point_of_interest, food, establishment"
Beer Run,"restaurant, liquor_store, bar, store, point_of_interest, food, establishment"
Belmont Pizza & Pub,"meal_delivery, bar, meal_takeaway, restaurant, point_of_interest, food, establishment"
Mas,"restaurant, point_of_interest, food, establishment"
La Guadalupana Latino Market,"grocery_or_supermarket, store, restaurant, point_of_interest, food, establishment"
The Red Lantern,"restaurant, point_of_interest, food, establishment"
C & O,"bar, restaurant, point_of_interest, food, establishment"
Pad Thai,"restaurant, point_of_interest, food, establishment"
Guadalajara,"restaurant, point_of_interest, food, establishment"
Tavola,"liquor_store, bar, store, restaurant, point_of_interest, food, establishment"
Moose's By The Creek,"restaurant, point_of_interest, food, establishment"
Cactus Mexican Restaurant,"restaurant, point_of_interest, food, establishment"
FIREFLY Restaurant + Game Room,"bar, restaurant, point_of_interest, food, establishment"
Southern Crescent Galley and Bar,"restaurant, point_of_interest, food, establishment"
Lampo Neapolitan Pizzeria,"restaurant, point_of_interest, food, establishment"
Brazos Tacos,"restaurant, point_of_interest, food, establishment"
Wooden Sun,"home_goods_store, store, restaurant, point_of_interest, food, establishment"
The Melting Pot,"restaurant, point_of_interest, food, establishment"
Domino's Pizza,"meal_delivery, meal_takeaway, restaurant, point_of_interest, food, establishment"
Michie Tavern ca. 1784,"restaurant, tourist_attraction, liquor_store, bar, point_of_interest, store, food, establishment"
Beer Run,"restaurant, liquor_store, bar, point_of_interest, store, food, establishment"
The Local,"bar, restaurant, point_of_interest, food, establishment"
Belmont Pizza & Pub,"meal_delivery, bar, meal_takeaway, restaurant, point_of_interest, food, establishment"
Mas,"restaurant, point_of_interest, food, establishment"
La Guadalupana Latino Market,"grocery_or_supermarket, restaurant, point_of_interest, store, food, establishment"
The Red Lantern,"restaurant, point_of_interest, food, establishment"
Pad Thai,"restaurant, point_of_interest, food, establishment"
Tavola,"liquor_store, bar, restaurant, point_of_interest, store, food, establishment"
Moose's By The Creek,"restaurant, point_of_interest, food, establishment"
Cactus Mexican Restaurant,"restaurant, point_of_interest, food, establishment"
FIREFLY Restaurant + Game Room,"bar, restaurant, point_of_interest, food, establishment"
Southern Crescent Galley and Bar,"restaurant, point_of_interest, food, establishment"
Lazy Parrot Backyard BBQ,"restaurant, point_of_interest, food, establishment"
Lampo Neapolitan Pizzeria,"restaurant, point_of_interest, food, establishment"
Domino's Pizza,"meal_delivery, meal_takeaway, restaurant, point_of_interest, food, establishment"
Monticello Café,"restaurant, point_of_interest, food, establishment"
Broadcloth,"restaurant, point_of_interest, food, establishment"
Canelo's Burritos,"restaurant, point_of_interest, food, establishment"
Holly's Diner,"restaurant, point_of_interest, food, establishment"
South Street Brewery,"bar, restaurant, food, point_of_interest, establishment"
Continental Divide,"restaurant, food, point_of_interest, establishment"
Mellow Mushroom Charlottesville,"restaurant, food, point_of_interest, establishment"
The Local,"bar, restaurant, food, point_of_interest, establishment"
Ten,"restaurant, food, point_of_interest, establishment"
Orzo Kitchen & Wine Bar,"bar, restaurant, food, point_of_interest, establishment"
C & O,"bar, restaurant, food, point_of_interest, establishment"
Subway,"meal_takeaway, restaurant, food, point_of_interest, establishment"
Guadalajara Mexican Restaurant,"meal_takeaway, bar, restaurant, food, point_of_interest, establishment"
The Whiskey Jar,"restaurant, food, point_of_interest, establishment"
Hamiltons' at First & Main,"restaurant, food, point_of_interest, establishment"
Citizen Burger Bar,"bar, restaurant, food, point_of_interest, establishment"
Dinsmore Inn at The University,"cafe, lodging, restaurant, food, point_of_interest, establishment"
The Nook,"bar, restaurant, food, point_of_interest, establishment"
Blue Moon Diner,"meal_takeaway, bar, restaurant, food, point_of_interest, establishment"
Maya,"bar, restaurant, food, point_of_interest, establishment"
Christian's Pizza,"restaurant, food, point_of_interest, establishment"
Miller's Downtown,"restaurant, bar, food, point_of_interest, establishment"
Asian Express,"restaurant, food, point_of_interest, establishment"
Lemongrass,"restaurant, food, point_of_interest, establishment"
The Local,"bar, restaurant, food, point_of_interest, establishment"
South Street Brewery,"bar, restaurant, food, point_of_interest, establishment"
C & O,"bar, restaurant, food, point_of_interest, establishment"
Ten,"restaurant, food, point_of_interest, establishment"
Continental Divide,"restaurant, food, point_of_interest, establishment"
Mas,"restaurant, food, point_of_interest, establishment"
The Nook,"bar, restaurant, food, point_of_interest, establishment"
Subway,"meal_takeaway, restaurant, food, point_of_interest, establishment"
Hamiltons' at First & Main,"restaurant, food, point_of_interest, establishment"
The Whiskey Jar,"restaurant, food, point_of_interest, establishment"
Citizen Burger Bar,"bar, restaurant, food, point_of_interest, establishment"
Mellow Mushroom Charlottesville,"restaurant, food, point_of_interest, establishment"
Orzo Kitchen & Wine Bar,"bar, restaurant, food, point_of_interest, establishment"
Guadalajara,"restaurant, food, point_of_interest, establishment"
Miller's Downtown,"restaurant, bar, food, point_of_interest, establishment"
La Guadalupana Latino Market,"grocery_or_supermarket, restaurant, food, point_of_interest, store, establishment"
Christian's Pizza,"restaurant, food, point_of_interest, establishment"
Bodo's Bagels,"bakery, restaurant, food, point_of_interest, store, establishment"
Rapture Restaurant,"restaurant, night_club, bar, food, point_of_interest, establishment"
Zocalo,"bar, restaurant, food, point_of_interest, establishment"
The Local,"bar, restaurant, food, point_of_interest, establishment"
South Street Brewery,"bar, restaurant, food, point_of_interest, establishment"
C & O,"bar, restaurant, food, point_of_interest, establishment"
Beer Run,"restaurant, liquor_store, bar, food, point_of_interest, store, establishment"
Ten,"restaurant, food, point_of_interest, establishment"
Mas,"restaurant, food, point_of_interest, establishment"
Belmont Pizza & Pub,"meal_delivery, meal_takeaway, bar, restaurant, food, point_of_interest, establishment"
Continental Divide,"restaurant, food, point_of_interest, establishment"
The Nook,"bar, restaurant, food, point_of_interest, establishment"
Guadalajara,"restaurant, food, point_of_interest, establishment"
La Guadalupana Latino Market,"grocery_or_supermarket, restaurant, food, point_of_interest, store, establishment"
The Red Lantern,"restaurant, food, point_of_interest, establishment"
Hamiltons' at First & Main,"restaurant, food, point_of_interest, establishment"
Subway,"meal_takeaway, restaurant, food, point_of_interest, establishment"
The Whiskey Jar,"restaurant, food, point_of_interest, establishment"
Citizen Burger Bar,"bar, restaurant, food, point_of_interest, establishment"
Orzo Kitchen & Wine Bar,"bar, restaurant, food, point_of_interest, establishment"
Bodo's Bagels,"bakery, restaurant, food, point_of_interest, store, establishment"
Miller's Downtown,"restaurant, bar, food, point_of_interest, establishment"
Christian's Pizza,"restaurant, food, point_of_interest, establishment"
The Local,"bar, restaurant, food, point_of_interest, establishment"
Beer Run,"restaurant, liquor_store, bar, store, food, point_of_interest, establishment"
South Street Brewery,"bar, restaurant, food, point_of_interest, establishment"
C & O,"bar, restaurant, food, point_of_interest, establishment"
Belmont Pizza & Pub,"meal_delivery, meal_takeaway, bar, restaurant, food, point_of_interest, establishment"
Ten,"restaurant, food, point_of_interest, establishment"
Mas,"restaurant, food, point_of_interest, establishment"
Guadalajara,"restaurant, food, point_of_interest, establishment"
La Guadalupana Latino Market,"grocery_or_supermarket, store, restaurant, food, point_of_interest, establishment"
The Nook,"bar, restaurant, food, point_of_interest, establishment"
The Red Lantern,"restaurant, food, point_of_interest, establishment"
Michie Tavern ca. 1784,"restaurant, tourist_attraction, liquor_store, bar, store, food, point_of_interest, establishment"
Continental Divide,"restaurant, food, point_of_interest, establishment"
Hamiltons' at First & Main,"restaurant, food, point_of_interest, establishment"
Subway,"meal_takeaway, restaurant, food, point_of_interest, establishment"
Citizen Burger Bar,"bar, restaurant, food, point_of_interest, establishment"
The Whiskey Jar,"restaurant, food, point_of_interest, establishment"
Orzo Kitchen & Wine Bar,"bar, restaurant, food, point_of_interest, establishment"
Miller's Downtown,"restaurant, bar, food, point_of_interest, establishment"
Bodo's Bagels,"bakery, store, restaurant, food, point_of_interest, establishment"
Michie Tavern ca. 1784,"restaurant, tourist_attraction, liquor_store, bar, food, point_of_interest, store, establishment"
The Local,"bar, restaurant, food, point_of_interest, establishment"
Beer Run,"restaurant, liquor_store, bar, food, point_of_interest, store, establishment"
South Street Brewery,"bar, restaurant, food, point_of_interest, establishment"
C & O,"bar, restaurant, food, point_of_interest, establishment"
Belmont Pizza & Pub,"meal_takeaway, bar, meal_delivery, restaurant, food, point_of_interest, establishment"
Mas,"restaurant, food, point_of_interest, establishment"
Ten,"restaurant, food, point_of_interest, establishment"
Guadalajara,"restaurant, food, point_of_interest, establishment"
La Guadalupana Latino Market,"grocery_or_supermarket, restaurant, food, point_of_interest, store, establishment"
The Nook,"bar, restaurant, food, point_of_interest, establishment"
The Red Lantern,"restaurant, food, point_of_interest, establishment"
Hamiltons' at First & Main,"restaurant, food, point_of_interest, establishment"
Citizen Burger Bar,"bar, restaurant, food, point_of_interest, establishment"
The Whiskey Jar,"restaurant, food, point_of_interest, establishment"
Subway,"meal_takeaway, restaurant, food, point_of_interest, establishment"
Orzo Kitchen & Wine Bar,"bar, restaurant, food, point_of_interest, establishment"
Pad Thai,"restaurant, food, point_of_interest, establishment"
Miller's Downtown,"restaurant, bar, food, point_of_interest, establishment"
Continental Divide,"restaurant, food, point_of_interest, establishment"
Michie Tavern ca. 1784,"restaurant, tourist_attraction, liquor_store, bar, store, food, point_of_interest, establishment"
The Local,"bar, restaurant, food, point_of_interest, establishment"
Beer Run,"restaurant, liquor_store, bar, store, food, point_of_interest, establishment"
C & O,"bar, restaurant, food, point_of_interest, establishment"
South Street Brewery,"bar, restaurant, food, point_of_interest, establishment"
Belmont Pizza & Pub,"meal_delivery, meal_takeaway, bar, restaurant, food, point_of_interest, establishment"
Mas,"restaurant, food, point_of_interest, establishment"
Ten,"restaurant, food, point_of_interest, establishment"
Guadalajara,"restaurant, food, point_of_interest, establishment"
La Guadalupana Latino Market,"grocery_or_supermarket, store, restaurant, food, point_of_interest, establishment"
The Nook,"bar, restaurant, food, point_of_interest, establishment"
The Red Lantern,"restaurant, food, point_of_interest, establishment"
Hamiltons' at First & Main,"restaurant, food, point_of_interest, establishment"
Citizen Burger Bar,"bar, restaurant, food, point_of_interest, establishment"
The Whiskey Jar,"restaurant, food, point_of_interest, establishment"
Pad Thai,"restaurant, food, point_of_interest, establishment"
Miller's Downtown,"restaurant, bar, food, point_of_interest, establishment"
Rapture Restaurant,"restaurant, night_club, bar, food, point_of_interest, establishment"
Zocalo,"bar, restaurant, food, point_of_interest, establishment"
Christian's Pizza,"restaurant, food, point_of_interest, establishment"
Michie Tavern ca. 1784,"restaurant, tourist_attraction, liquor_store, bar, food, point_of_interest, store, establishment"
The Local,"bar, restaurant, food, point_of_interest, establishment"
Beer Run,"restaurant, liquor_store, bar, food, point_of_interest, store, establishment"
Belmont Pizza & Pub,"meal_delivery, bar, meal_takeaway, restaurant, food, point_of_interest, establishment"
C & O,"bar, restaurant, food, point_of_interest, establishment"
Mas,"restaurant, food, point_of_interest, establishment"
La Guadalupana Latino Market,"grocery_or_supermarket, restaurant, food, point_of_interest, store, establishment"
Guadalajara,"restaurant, food, point_of_interest, establishment"
South Street Brewery,"bar, restaurant, food, point_of_interest, establishment"
The Red Lantern,"restaurant, food, point_of_interest, establishment"
The Nook,"bar, restaurant, food, point_of_interest, establishment"
Ten,"restaurant, food, point_of_interest, establishment"
Citizen Burger Bar,"bar, restaurant, food, point_of_interest, establishment"
Pad Thai,"restaurant, food, point_of_interest, establishment"
Hamiltons' at First & Main,"restaurant, food, point_of_interest, establishment"
Rapture Restaurant,"restaurant, night_club, bar, food, point_of_interest, establishment"
Twisted Branch Tea Bazaar,"cafe, restaurant, food, point_of_interest, establishment"
Tavola,"liquor_store, bar, restaurant, food, point_of_interest, store, establishment"
Zocalo,"bar, restaurant, food, point_of_interest, establishment"
Tastings of Charlottesville,"liquor_store, bar, restaurant, food, point_of_interest, store, establishment"
Michie Tavern ca. 1784,"restaurant, tourist_attraction, liquor_store, bar, store, food, point_of_interest, establishment"
The Local,"bar, restaurant, food, point_of_interest, establishment"
Beer Run,"restaurant, liquor_store, bar, store, food, point_of_interest, establishment"
Belmont Pizza & Pub,"meal_delivery, meal_takeaway, bar, restaurant, food, point_of_interest, establishment"
Mas,"restaurant, food, point_of_interest, establishment"
La Guadalupana Latino Market,"grocery_or_supermarket, store, restaurant, food, point_of_interest, establishment"
The Red Lantern,"restaurant, food, point_of_interest, establishment"
C & O,"bar, restaurant, food, point_of_interest, establishment"
Guadalajara,"restaurant, food, point_of_interest, establishment"
Pad Thai,"restaurant, food, point_of_interest, establishment"
The Nook,"bar, restaurant, food, point_of_interest, establishment"
Tavola,"liquor_store, bar, store, restaurant, food, point_of_interest, establishment"
Papa Johns Pizza,"restaurant, food, point_of_interest, establishment"
Starbucks,"cafe, store, restaurant, food, point_of_interest, establishment"
Twisted Branch Tea Bazaar,"cafe, restaurant, food, point_of_interest, establishment"
Tip Top Restaurant,"restaurant, food, point_of_interest, establishment"
Tastings of Charlottesville,"liquor_store, bar, store, restaurant, food, point_of_interest, establishment"
Applebee's Grill + Bar,"restaurant, bar, food, point_of_interest, establishment"
Moose's By The Creek,"restaurant, food, point_of_interest, establishment"
Lazy Parrot Backyard BBQ,"restaurant, food, point_of_interest, establishment"
South Street Brewery,"bar, restaurant, food, point_of_interest, establishment"
C & O,"bar, restaurant, food, point_of_interest, establishment"
Ten,"restaurant, food, point_of_interest, establishment"
Continental Divide,"restaurant, food, point_of_interest, establishment"
The Local,"bar, restaurant, food, point_of_interest, establishment"
Mellow Mushroom Charlottesville,"restaurant, food, point_of_interest, establishment"
Subway,"meal_takeaway, restaurant, food, point_of_interest, establishment"
The Nook,"bar, restaurant, food, point_of_interest, establishment"
Hamiltons' at First & Main,"restaurant, food, point_of_interest, establishment"
The Whiskey Jar,"restaurant, food, point_of_interest, establishment"
Bodo's Bagels,"bakery, restaurant, food, point_of_interest, store, establishment"
Orzo Kitchen & Wine Bar,"bar, restaurant, food, point_of_interest, establishment"
Citizen Burger Bar,"bar, restaurant, food, point_of_interest, establishment"
Guadalajara Mexican Restaurant,"bar, meal_takeaway, restaurant, food, point_of_interest, establishment"
Miller's Downtown,"restaurant, bar, food, point_of_interest, establishment"
Christian's Pizza,"restaurant, food, point_of_interest, establishment"
Dinsmore Inn at The University,"cafe, lodging, restaurant, food, point_of_interest, establishment"
The Virginian,"restaurant, food, point_of_interest, establishment"
Rapture Restaurant,"restaurant, night_club, bar, food, point_of_interest, establishment"
Zocalo,"bar, restaurant, food, point_of_interest, establishment"
The Local,"bar, restaurant, food, point_of_interest, establishment"
South Street Brewery,"bar, restaurant, food, point_of_interest, establishment"
C & O,"bar, restaurant, food, point_of_interest, establishment"
Ten,"restaurant, food, point_of_interest, establishment"
Continental Divide,"restaurant, food, point_of_interest, establishment"
Mas,"restaurant, food, point_of_interest, establishment"
The Nook,"bar, restaurant, food, point_of_interest, establishment"
Guadalajara,"restaurant, food, point_of_interest, establishment"
Mellow Mushroom Charlottesville,"restaurant, food, point_of_interest, establishment"
Subway,"meal_takeaway, restaurant, food, point_of_interest, establishment"
Hamiltons' at First & Main,"restaurant, food, point_of_interest, establishment"
Bodo's Bagels,"bakery, restaurant, food, point_of_interest, store, establishment"
The Whiskey Jar,"restaurant, food, point_of_interest, establishment"
Citizen Burger Bar,"bar, restaurant, food, point_of_interest, establishment"
Orzo Kitchen & Wine Bar,"bar, restaurant, food, point_of_interest, establishment"
Miller's Downtown,"restaurant, bar, food, point_of_interest, establishment"
La Guadalupana Latino Market,"grocery_or_supermarket, restaurant, food, point_of_interest, store, establishment"
Christian's Pizza,"restaurant, food, point_of_interest, establishment"
Rapture Restaurant,"restaurant, night_club, bar, food, point_of_interest, establishment"
Zocalo,"bar, restaurant, food, point_of_interest, establishment"
The Local,"bar, restaurant, food, point_of_interest, establishment"
South Street Brewery,"bar, restaurant, food, point_of_interest, establishment"
C & O,"bar, restaurant, food, point_of_interest, establishment"
Beer Run,"restaurant, liquor_store, bar, food, point_of_interest, store, establishment"
Ten,"restaurant, food, point_of_interest, establishment"
Mas,"restaurant, food, point_of_interest, establishment"
Belmont Pizza & Pub,"meal_delivery, bar, meal_takeaway, restaurant, food, point_of_interest, establishment"
Continental Divide,"restaurant, food, point_of_interest, establishment"
Guadalajara,"restaurant, food, point_of_interest, establishment"
The Nook,"bar, restaurant, food, point_of_interest, establishment"
La Guadalupana Latino Market,"grocery_or_supermarket, restaurant, food, point_of_interest, store, establishment"
The Red Lantern,"restaurant, food, point_of_interest, establishment"
Subway,"meal_takeaway, restaurant, food, point_of_interest, establishment"
Hamiltons' at First & Main,"restaurant, food, point_of_interest, establishment"
Mellow Mushroom Charlottesville,"restaurant, food, point_of_interest, establishment"
Bodo's Bagels,"bakery, restaurant, food, point_of_interest, store, establishment"
The Whiskey Jar,"restaurant, food, point_of_interest, establishment"
Citizen Burger Bar,"bar, restaurant, food, point_of_interest, establishment"
Orzo Kitchen & Wine Bar,"bar, restaurant, food, point_of_interest, establishment"
Miller's Downtown,"restaurant, bar, food, point_of_interest, establishment"
The Local,"bar, restaurant, food, point_of_interest, establishment"
Beer Run,"restaurant, liquor_store, bar, store, food, point_of_interest, establishment"
South Street Brewery,"bar, restaurant, food, point_of_interest, establishment"
C & O,"bar, restaurant, food, point_of_interest, establishment"
Belmont Pizza & Pub,"meal_delivery, meal_takeaway, bar, restaurant, food, point_of_interest, establishment"
Ten,"restaurant, food, point_of_interest, establishment"
Mas,"restaurant, food, point_of_interest, establishment"
Guadalajara,"restaurant, food, point_of_interest, establishment"
Continental Divide,"restaurant, food, point_of_interest, establishment"
La Guadalupana Latino Market,"grocery_or_supermarket, store, restaurant, food, point_of_interest, establishment"
The Nook,"bar, restaurant, food, point_of_interest, establishment"
The Red Lantern,"restaurant, food, point_of_interest, establishment"
Subway,"meal_takeaway, restaurant, food, point_of_interest, establishment"
Hamiltons' at First & Main,"restaurant, food, point_of_interest, establishment"
Bodo's Bagels,"bakery, store, restaurant, food, point_of_interest, establishment"
The Whiskey Jar,"restaurant, food, point_of_interest, establishment"
Citizen Burger Bar,"bar, restaurant, food, point_of_interest, establishment"
Orzo Kitchen & Wine Bar,"bar, restaurant, food, point_of_interest, establishment"
Miller's Downtown,"restaurant, bar, food, point_of_interest, establishment"
Mellow Mushroom Charlottesville,"restaurant, food, point_of_interest, establishment"
The Local,"bar, restaurant, food, point_of_interest, establishment"
Beer Run,"restaurant, liquor_store, bar, store, food, point_of_interest, establishment"
South Street Brewery,"bar, restaurant, food, point_of_interest, establishment"
C & O,"bar, restaurant, food, point_of_interest, establishment"
Belmont Pizza & Pub,"meal_delivery, meal_takeaway, bar, restaurant, food, point_of_interest, establishment"
Ten,"restaurant, food, point_of_interest, establishment"
Mas,"restaurant, food, point_of_interest, establishment"
Guadalajara,"restaurant, food, point_of_interest, establishment"
La Guadalupana Latino Market,"grocery_or_supermarket, store, restaurant, food, point_of_interest, establishment"
The Nook,"bar, restaurant, food, point_of_interest, establishment"
Continental Divide,"restaurant, food, point_of_interest, establishment"
The Red Lantern,"restaurant, food, point_of_interest, establishment"
Hamiltons' at First & Main,"restaurant, food, point_of_interest, establishment"
Subway,"meal_takeaway, restaurant, food, point_of_interest, establishment"
Bodo's Bagels,"bakery, store, restaurant, food, point_of_interest, establishment"
The Whiskey Jar,"restaurant, food, point_of_interest, establishment"
Citizen Burger Bar,"bar, restaurant, food, point_of_interest, establishment"
Orzo Kitchen & Wine Bar,"bar, restaurant, food, point_of_interest, establishment"
Miller's Downtown,"restaurant, bar, food, point_of_interest, establishment"
Pad Thai,"restaurant, food, point_of_interest, establishment"
The Local,"bar, restaurant, point_of_interest, food, establishment"
Beer Run,"restaurant, liquor_store, bar, store, point_of_interest, food, establishment"
South Street Brewery,"bar, restaurant, point_of_interest, food, establishment"
C & O,"bar, restaurant, point_of_interest, food, establishment"
Michie Tavern ca. 1784,"restaurant, liquor_store, tourist_attraction, bar, store, point_of_interest, food, establishment"
Belmont Pizza & Pub,"meal_delivery, bar, meal_takeaway, restaurant, point_of_interest, food, establishment"
Ten,"restaurant, point_of_interest, food, establishment"
Mas,"restaurant, point_of_interest, food, establishment"
Guadalajara,"restaurant, point_of_interest, food, establishment"
La Guadalupana Latino Market,"grocery_or_supermarket, store, restaurant, point_of_interest, food, establishment"
The Nook,"bar, restaurant, point_of_interest, food, establishment"
The Red Lantern,"restaurant, point_of_interest, food, establishment"
Hamiltons' at First & Main,"restaurant, point_of_interest, food, establishment"
Citizen Burger Bar,"bar, restaurant, point_of_interest, food, establishment"
Subway,"meal_takeaway, restaurant, point_of_interest, food, establishment"
The Whiskey Jar,"restaurant, point_of_interest, food, establishment"
Bodo's Bagels,"bakery, store, restaurant, point_of_interest, food, establishment"
Orzo Kitchen & Wine Bar,"bar, restaurant, point_of_interest, food, establishment"
Miller's Downtown,"restaurant, bar, point_of_interest, food, establishment"
Pad Thai,"restaurant, point_of_interest, food, establishment"
The Local,"bar, restaurant, food, point_of_interest, establishment"
Michie Tavern ca. 1784,"restaurant, tourist_attraction, liquor_store, bar, store, food, point_of_interest, establishment"
Beer Run,"restaurant, liquor_store, bar, store, food, point_of_interest, establishment"
C & O,"bar, restaurant, food, point_of_interest, establishment"
South Street Brewery,"bar, restaurant, food, point_of_interest, establishment"
Belmont Pizza & Pub,"meal_takeaway, bar, meal_delivery, restaurant, food, point_of_interest, establishment"
Mas,"restaurant, food, point_of_interest, establishment"
Ten,"restaurant, food, point_of_interest, establishment"
Guadalajara,"restaurant, food, point_of_interest, establishment"
La Guadalupana Latino Market,"grocery_or_supermarket, restaurant, store, food, point_of_interest, establishment"
The Nook,"bar, restaurant, food, point_of_interest, establishment"
The Red Lantern,"restaurant, food, point_of_interest, establishment"
Hamiltons' at First & Main,"restaurant, food, point_of_interest, establishment"
Citizen Burger Bar,"bar, restaurant, food, point_of_interest, establishment"
The Whiskey Jar,"restaurant, food, point_of_interest, establishment"
Papa Johns Pizza,"restaurant, food, point_of_interest, establishment"
Pad Thai,"restaurant, food, point_of_interest, establishment"
Miller's Downtown,"restaurant, bar, food, point_of_interest, establishment"
Rapture Restaurant,"restaurant, night_club, bar, food, point_of_interest, establishment"
Zocalo,"bar, restaurant, food, point_of_interest, establishment"
The Local,"bar, restaurant, food, point_of_interest, establishment"
Michie Tavern ca. 1784,"restaurant, tourist_attraction, liquor_store, bar, store, food, point_of_interest, establishment"
Beer Run,"restaurant, liquor_store, bar, store, food, point_of_interest, establishment"
Belmont Pizza & Pub,"meal_takeaway, bar, meal_delivery, restaurant, food, point_of_interest, establishment"
C & O,"bar, restaurant, food, point_of_interest, establishment"
Mas,"restaurant, food, point_of_interest, establishment"
La Guadalupana Latino Market,"grocery_or_supermarket, restaurant, store, food, point_of_interest, establishment"
Guadalajara,"restaurant, food, point_of_interest, establishment"
The Red Lantern,"restaurant, food, point_of_interest, establishment"
The Nook,"bar, restaurant, food, point_of_interest, establishment"
Ten,"restaurant, food, point_of_interest, establishment"
South Street Brewery,"bar, restaurant, food, point_of_interest, establishment"
Papa Johns Pizza,"restaurant, food, point_of_interest, establishment"
Pad Thai,"restaurant, food, point_of_interest, establishment"
Citizen Burger Bar,"bar, restaurant, food, point_of_interest, establishment"
Tip Top Restaurant,"restaurant, food, point_of_interest, establishment"
Starbucks,"cafe, restaurant, store, food, point_of_interest, establishment"
Hamiltons' at First & Main,"restaurant, food, point_of_interest, establishment"
Rapture Restaurant,"restaurant, night_club, bar, food, point_of_interest, establishment"
Twisted Branch Tea Bazaar,"cafe, restaurant, food, point_of_interest, establishment"
South Street Brewery,"bar, restaurant, point_of_interest, food, establishment"
C & O,"bar, restaurant, point_of_interest, food, establishment"
Ten,"restaurant, point_of_interest, food, establishment"
Continental Divide,"restaurant, point_of_interest, food, establishment"
Mellow Mushroom Charlottesville,"restaurant, point_of_interest, food, establishment"
The Nook,"bar, restaurant, point_of_interest, food, establishment"
Subway,"meal_takeaway, restaurant, point_of_interest, food, establishment"
Bodo's Bagels,"bakery, restaurant, point_of_interest, store, food, establishment"
Hamiltons' at First & Main,"restaurant, point_of_interest, food, establishment"
The Local,"bar, restaurant, point_of_interest, food, establishment"
The Whiskey Jar,"restaurant, point_of_interest, food, establishment"
Citizen Burger Bar,"bar, restaurant, point_of_interest, food, establishment"
Orzo Kitchen & Wine Bar,"bar, restaurant, point_of_interest, food, establishment"
Guadalajara Mexican Restaurant,"bar, meal_takeaway, restaurant, point_of_interest, food, establishment"
Guadalajara,"restaurant, point_of_interest, food, establishment"
Miller's Downtown,"restaurant, bar, point_of_interest, food, establishment"
Christian's Pizza,"restaurant, point_of_interest, food, establishment"
Rapture Restaurant,"restaurant, night_club, bar, point_of_interest, food, establishment"
Zocalo,"bar, restaurant, point_of_interest, food, establishment"
The Virginian,"restaurant, point_of_interest, food, establishment"
The Local,"bar, restaurant, food, point_of_interest, establishment"
South Street Brewery,"bar, restaurant, food, point_of_interest, establishment"
C & O,"bar, restaurant, food, point_of_interest, establishment"
Ten,"restaurant, food, point_of_interest, establishment"
Continental Divide,"restaurant, food, point_of_interest, establishment"
Guadalajara,"restaurant, food, point_of_interest, establishment"
The Nook,"bar, restaurant, food, point_of_interest, establishment"
Mas,"restaurant, food, point_of_interest, establishment"
Mellow Mushroom Charlottesville,"restaurant, food, point_of_interest, establishment"
Subway,"meal_takeaway, restaurant, food, point_of_interest, establishment"
Bodo's Bagels,"bakery, restaurant, food, point_of_interest, store, establishment"
Hamiltons' at First & Main,"restaurant, food, point_of_interest, establishment"
The Whiskey Jar,"restaurant, food, point_of_interest, establishment"
Citizen Burger Bar,"bar, restaurant, food, point_of_interest, establishment"
Orzo Kitchen & Wine Bar,"bar, restaurant, food, point_of_interest, establishment"
Miller's Downtown,"restaurant, bar, food, point_of_interest, establishment"
Christian's Pizza,"restaurant, food, point_of_interest, establishment"
Rapture Restaurant,"restaurant, night_club, bar, food, point_of_interest, establishment"
Zocalo,"bar, restaurant, food, point_of_interest, establishment"
The Virginian,"restaurant, food, point_of_interest, establishment"
The Local,"bar, restaurant, food, point_of_interest, establishment"
South Street Brewery,"bar, restaurant, food, point_of_interest, establishment"
C & O,"bar, restaurant, food, point_of_interest, establishment"
Beer Run,"restaurant, liquor_store, bar, food, point_of_interest, store, establishment"
Ten,"restaurant, food, point_of_interest, establishment"
Mas,"restaurant, food, point_of_interest, establishment"
Continental Divide,"restaurant, food, point_of_interest, establishment"
Belmont Pizza & Pub,"meal_takeaway, bar, meal_delivery, restaurant, food, point_of_interest, establishment"
Guadalajara,"restaurant, food, point_of_interest, establishment"
The Nook,"bar, restaurant, food, point_of_interest, establishment"
Mellow Mushroom Charlottesville,"restaurant, food, point_of_interest, establishment"
La Guadalupana Latino Market,"grocery_or_supermarket, restaurant, food, point_of_interest, store, establishment"
Subway,"meal_takeaway, restaurant, food, point_of_interest, establishment"
Bodo's Bagels,"bakery, restaurant, food, point_of_interest, store, establishment"
Hamiltons' at First & Main,"restaurant, food, point_of_interest, establishment"
The Red Lantern,"restaurant, food, point_of_interest, establishment"
The Whiskey Jar,"restaurant, food, point_of_interest, establishment"
Citizen Burger Bar,"bar, restaurant, food, point_of_interest, establishment"
Orzo Kitchen & Wine Bar,"bar, restaurant, food, point_of_interest, establishment"
Miller's Downtown,"restaurant, bar, food, point_of_interest, establishment"
The Local,"bar, restaurant, food, point_of_interest, establishment"
Beer Run,"restaurant, liquor_store, bar, food, store, point_of_interest, establishment"
South Street Brewery,"bar, restaurant, food, point_of_interest, establishment"
C & O,"bar, restaurant, food, point_of_interest, establishment"
Belmont Pizza & Pub,"meal_takeaway, bar, meal_delivery, restaurant, food, point_of_interest, establishment"
Ten,"restaurant, food, point_of_interest, establishment"
Mas,"restaurant, food, point_of_interest, establishment"
Continental Divide,"restaurant, food, point_of_interest, establishment"
Guadalajara,"restaurant, food, point_of_interest, establishment"
The Nook,"bar, restaurant, food, point_of_interest, establishment"
La Guadalupana Latino Market,"grocery_or_supermarket, restaurant, food, store, point_of_interest, establishment"
The Red Lantern,"restaurant, food, point_of_interest, establishment"
Subway,"meal_takeaway, restaurant, food, point_of_interest, establishment"
Bodo's Bagels,"bakery, restaurant, food, store, point_of_interest, establishment"
Hamiltons' at First & Main,"restaurant, food, point_of_interest, establishment"
The Whiskey Jar,"restaurant, food, point_of_interest, establishment"
Mellow Mushroom Charlottesville,"restaurant, food, point_of_interest, establishment"
Citizen Burger Bar,"bar, restaurant, food, point_of_interest, establishment"
Orzo Kitchen & Wine Bar,"bar, restaurant, food, point_of_interest, establishment"
Miller's Downtown,"restaurant, bar, food, point_of_interest, establishment"
The Local,"bar, restaurant, food, point_of_interest, establishment"
Beer Run,"restaurant, liquor_store, bar, food, point_of_interest, store, establishment"
South Street Brewery,"bar, restaurant, food, point_of_interest, establishment"
C & O,"bar, restaurant, food, point_of_interest, establishment"
Belmont Pizza & Pub,"meal_delivery, meal_takeaway, bar, restaurant, food, point_of_interest, establishment"
Ten,"restaurant, food, point_of_interest, establishment"
Mas,"restaurant, food, point_of_interest, establishment"
Guadalajara,"restaurant, food, point_of_interest, establishment"
Continental Divide,"restaurant, food, point_of_interest, establishment"
La Guadalupana Latino Market,"grocery_or_supermarket, restaurant, food, point_of_interest, store, establishment"
The Nook,"bar, restaurant, food, point_of_interest, establishment"
The Red Lantern,"restaurant, food, point_of_interest, establishment"
Subway,"meal_takeaway, restaurant, food, point_of_interest, establishment"
Hamiltons' at First & Main,"restaurant, food, point_of_interest, establishment"
Bodo's Bagels,"bakery, restaurant, food, point_of_interest, store, establishment"
The Whiskey Jar,"restaurant, food, point_of_interest, establishment"
Citizen Burger Bar,"bar, restaurant, food, point_of_interest, establishment"
Orzo Kitchen & Wine Bar,"bar, restaurant, food, point_of_interest, establishment"
Miller's Downtown,"restaurant, bar, food, point_of_interest, establishment"
Pad Thai,"restaurant, food, point_of_interest, establishment"
The Local,"bar, restaurant, food, point_of_interest, establishment"
Beer Run,"restaurant, liquor_store, bar, food, point_of_interest, store, establishment"
South Street Brewery,"bar, restaurant, food, point_of_interest, establishment"
C & O,"bar, restaurant, food, point_of_interest, establishment"
Belmont Pizza & Pub,"meal_delivery, bar, meal_takeaway, restaurant, food, point_of_interest, establishment"
Ten,"restaurant, food, point_of_interest, establishment"
Mas,"restaurant, food, point_of_interest, establishment"
Guadalajara,"restaurant, food, point_of_interest, establishment"
La Guadalupana Latino Market,"grocery_or_supermarket, restaurant, food, point_of_interest, store, establishment"
The Nook,"bar, restaurant, food, point_of_interest, establishment"
The Red Lantern,"restaurant, food, point_of_interest, establishment"
Hamiltons' at First & Main,"restaurant, food, point_of_interest, establishment"
Subway,"meal_takeaway, restaurant, food, point_of_interest, establishment"
Bodo's Bagels,"bakery, restaurant, food, point_of_interest, store, establishment"
Continental Divide,"restaurant, food, point_of_interest, establishment"
The Whiskey Jar,"restaurant, food, point_of_interest, establishment"
Citizen Burger Bar,"bar, restaurant, food, point_of_interest, establishment"
Orzo Kitchen & Wine Bar,"bar, restaurant, food, point_of_interest, establishment"
Papa Johns Pizza,"restaurant, food, point_of_interest, establishment"
Miller's Downtown,"restaurant, bar, food, point_of_interest, establishment"
The Local,"bar, restaurant, food, point_of_interest, establishment"
Beer Run,"restaurant, liquor_store, bar, store, food, point_of_interest, establishment"
C & O,"bar, restaurant, food, point_of_interest, establishment"
South Street Brewery,"bar, restaurant, food, point_of_interest, establishment"
Belmont Pizza & Pub,"meal_takeaway, bar, meal_delivery, restaurant, food, point_of_interest, establishment"
Ten,"restaurant, food, point_of_interest, establishment"
Mas,"restaurant, food, point_of_interest, establishment"
Guadalajara,"restaurant, food, point_of_interest, establishment"
La Guadalupana Latino Market,"grocery_or_supermarket, restaurant, store, food, point_of_interest, establishment"
The Nook,"bar, restaurant, food, point_of_interest, establishment"
The Red Lantern,"restaurant, food, point_of_interest, establishment"
Hamiltons' at First & Main,"restaurant, food, point_of_interest, establishment"
Citizen Burger Bar,"bar, restaurant, food, point_of_interest, establishment"
The Whiskey Jar,"restaurant, food, point_of_interest, establishment"
Subway,"meal_takeaway, restaurant, food, point_of_interest, establishment"
Papa Johns Pizza,"restaurant, food, point_of_interest, establishment"
Bodo's Bagels,"bakery, restaurant, store, food, point_of_interest, establishment"
Miller's Downtown,"restaurant, bar, food, point_of_interest, establishment"
Pad Thai,"restaurant, food, point_of_interest, establishment"
Rapture Restaurant,"restaurant, night_club, bar, food, point_of_interest, establishment"
The Local,"bar, restaurant, point_of_interest, food, establishment"
Beer Run,"restaurant, liquor_store, bar, store, point_of_interest, food, establishment"
C & O,"bar, restaurant, point_of_interest, food, establishment"
Belmont Pizza & Pub,"meal_delivery, bar, meal_takeaway, restaurant, point_of_interest, food, establishment"
Mas,"restaurant, point_of_interest, food, establishment"
Guadalajara,"restaurant, point_of_interest, food, establishment"
La Guadalupana Latino Market,"grocery_or_supermarket, store, restaurant, point_of_interest, food, establishment"
The Red Lantern,"restaurant, point_of_interest, food, establishment"
Ten,"restaurant, point_of_interest, food, establishment"
The Nook,"bar, restaurant, point_of_interest, food, establishment"
South Street Brewery,"bar, restaurant, point_of_interest, food, establishment"
Citizen Burger Bar,"bar, restaurant, point_of_interest, food, establishment"
Papa Johns Pizza,"restaurant, point_of_interest, food, establishment"
Hamiltons' at First & Main,"restaurant, point_of_interest, food, establishment"
Pad Thai,"restaurant, point_of_interest, food, establishment"
Tip Top Restaurant,"restaurant, point_of_interest, food, establishment"
Starbucks,"cafe, store, restaurant, point_of_interest, food, establishment"
Rapture Restaurant,"restaurant, night_club, bar, point_of_interest, food, establishment"
The Whiskey Jar,"restaurant, point_of_interest, food, establishment"
Zocalo,"bar, restaurant, point_of_interest, food, establishment"
South Street Brewery,"bar, restaurant, food, point_of_interest, establishment"
Ten,"restaurant, food, point_of_interest, establishment"
C & O,"bar, restaurant, food, point_of_interest, establishment"
Continental Divide,"restaurant, food, point_of_interest, establishment"
Mellow Mushroom Charlottesville,"restaurant, food, point_of_interest, establishment"
Subway,"meal_takeaway, restaurant, food, point_of_interest, establishment"
Bodo's Bagels,"bakery, restaurant, store, food, point_of_interest, establishment"
The Nook,"bar, restaurant, food, point_of_interest, establishment"
Hamiltons' at First & Main,"restaurant, food, point_of_interest, establishment"
The Whiskey Jar,"restaurant, food, point_of_interest, establishment"
Citizen Burger Bar,"bar, restaurant, food, point_of_interest, establishment"
Orzo Kitchen & Wine Bar,"bar, restaurant, food, point_of_interest, establishment"
Miller's Downtown,"restaurant, bar, food, point_of_interest, establishment"
Chipotle Mexican Grill,"restaurant, food, point_of_interest, establishment"
Christian's Pizza,"restaurant, food, point_of_interest, establishment"
Rapture Restaurant,"restaurant, night_club, bar, food, point_of_interest, establishment"
The Virginian,"restaurant, food, point_of_interest, establishment"
Zocalo,"bar, restaurant, food, point_of_interest, establishment"
Guadalajara,"restaurant, food, point_of_interest, establishment"
Dinsmore Inn at The University,"cafe, lodging, restaurant, food, point_of_interest, establishment"
South Street Brewery,"bar, restaurant, food, point_of_interest, establishment"
C & O,"bar, restaurant, food, point_of_interest, establishment"
The Local,"bar, restaurant, food, point_of_interest, establishment"
Ten,"restaurant, food, point_of_interest, establishment"
Continental Divide,"restaurant, food, point_of_interest, establishment"
The Nook,"bar, restaurant, food, point_of_interest, establishment"
Guadalajara,"restaurant, food, point_of_interest, establishment"
Mellow Mushroom Charlottesville,"restaurant, food, point_of_interest, establishment"
Subway,"meal_takeaway, restaurant, food, point_of_interest, establishment"
Bodo's Bagels,"bakery, restaurant, food, point_of_interest, store, establishment"
Hamiltons' at First & Main,"restaurant, food, point_of_interest, establishment"
The Whiskey Jar,"restaurant, food, point_of_interest, establishment"
Citizen Burger Bar,"bar, restaurant, food, point_of_interest, establishment"
Orzo Kitchen & Wine Bar,"bar, restaurant, food, point_of_interest, establishment"
Miller's Downtown,"restaurant, bar, food, point_of_interest, establishment"
Mas,"restaurant, food, point_of_interest, establishment"
Christian's Pizza,"restaurant, food, point_of_interest, establishment"
Rapture Restaurant,"restaurant, night_club, bar, food, point_of_interest, establishment"
Zocalo,"bar, restaurant, food, point_of_interest, establishment"
C'Ville Coffee,"cafe, meal_takeaway, restaurant, food, point_of_interest, store, establishment"
The Local,"bar, restaurant, point_of_interest, food, establishment"
South Street Brewery,"bar, restaurant, point_of_interest, food, establishment"
C & O,"bar, restaurant, point_of_interest, food, establishment"
Ten,"restaurant, point_of_interest, food, establishment"
Continental Divide,"restaurant, point_of_interest, food, establishment"
Guadalajara,"restaurant, point_of_interest, food, establishment"
Mas,"restaurant, point_of_interest, food, establishment"
The Nook,"bar, restaurant, point_of_interest, food, establishment"
Mellow Mushroom Charlottesville,"restaurant, point_of_interest, food, establishment"
Subway,"meal_takeaway, restaurant, point_of_interest, food, establishment"
Bodo's Bagels,"bakery, restaurant, point_of_interest, store, food, establishment"
Hamiltons' at First & Main,"restaurant, point_of_interest, food, establishment"
The Whiskey Jar,"restaurant, point_of_interest, food, establishment"
Citizen Burger Bar,"bar, restaurant, point_of_interest, food, establishment"
Beer Run,"restaurant, liquor_store, bar, point_of_interest, store, food, establishment"
Orzo Kitchen & Wine Bar,"bar, restaurant, point_of_interest, food, establishment"
Miller's Downtown,"restaurant, bar, point_of_interest, food, establishment"
Belmont Pizza & Pub,"meal_delivery, bar, meal_takeaway, restaurant, point_of_interest, food, establishment"
Christian's Pizza,"restaurant, point_of_interest, food, establishment"
Rapture Restaurant,"restaurant, night_club, bar, point_of_interest, food, establishment"
The Local,"bar, restaurant, food, point_of_interest, establishment"
South Street Brewery,"bar, restaurant, food, point_of_interest, establishment"
C & O,"bar, restaurant, food, point_of_interest, establishment"
Beer Run,"restaurant, liquor_store, bar, food, point_of_interest, store, establishment"
Ten,"restaurant, food, point_of_interest, establishment"
Mas,"restaurant, food, point_of_interest, establishment"
Belmont Pizza & Pub,"meal_delivery, meal_takeaway, bar, restaurant, food, point_of_interest, establishment"
Continental Divide,"restaurant, food, point_of_interest, establishment"
Guadalajara,"restaurant, food, point_of_interest, establishment"
The Nook,"bar, restaurant, food, point_of_interest, establishment"
La Guadalupana Latino Market,"grocery_or_supermarket, restaurant, food, point_of_interest, store, establishment"
Subway,"meal_takeaway, restaurant, food, point_of_interest, establishment"
Bodo's Bagels,"bakery, restaurant, food, point_of_interest, store, establishment"
Hamiltons' at First & Main,"restaurant, food, point_of_interest, establishment"
Mellow Mushroom Charlottesville,"restaurant, food, point_of_interest, establishment"
The Red Lantern,"restaurant, food, point_of_interest, establishment"
The Whiskey Jar,"restaurant, food, point_of_interest, establishment"
Citizen Burger Bar,"bar, restaurant, food, point_of_interest, establishment"
Orzo Kitchen & Wine Bar,"bar, restaurant, food, point_of_interest, establishment"
Miller's Downtown,"restaurant, bar, food, point_of_interest, establishment"
The Local,"bar, restaurant, food, point_of_interest, establishment"
Beer Run,"restaurant, liquor_store, bar, store, food, point_of_interest, establishment"
South Street Brewery,"bar, restaurant, food, point_of_interest, establishment"
C & O,"bar, restaurant, food, point_of_interest, establishment"
Belmont Pizza & Pub,"meal_delivery, meal_takeaway, bar, restaurant, food, point_of_interest, establishment"
Ten,"restaurant, food, point_of_interest, establishment"
Mas,"restaurant, food, point_of_interest, establishment"
Guadalajara,"restaurant, food, point_of_interest, establishment"
Continental Divide,"restaurant, food, point_of_interest, establishment"
The Nook,"bar, restaurant, food, point_of_interest, establishment"
La Guadalupana Latino Market,"grocery_or_supermarket, store, restaurant, food, point_of_interest, establishment"
The Red Lantern,"restaurant, food, point_of_interest, establishment"
Subway,"meal_takeaway, restaurant, food, point_of_interest, establishment"
Bodo's Bagels,"bakery, store, restaurant, food, point_of_interest, establishment"
Hamiltons' at First & Main,"restaurant, food, point_of_interest, establishment"
The Whiskey Jar,"restaurant, food, point_of_interest, establishment"
Citizen Burger Bar,"bar, restaurant, food, point_of_interest, establishment"
Orzo Kitchen & Wine Bar,"bar, restaurant, food, point_of_interest, establishment"
Papa Johns Pizza,"restaurant, food, point_of_interest, establishment"
Miller's Downtown,"restaurant, bar, food, point_of_interest, establishment"
The Local,"bar, restaurant, food, point_of_interest, establishment"
Beer Run,"restaurant, liquor_store, bar, store, food, point_of_interest, establishment"
South Street Brewery,"bar, restaurant, food, point_of_interest, establishment"
C & O,"bar, restaurant, food, point_of_interest, establishment"
Belmont Pizza & Pub,"meal_delivery, meal_takeaway, bar, restaurant, food, point_of_interest, establishment"
Ten,"restaurant, food, point_of_interest, establishment"
Mas,"restaurant, food, point_of_interest, establishment"
Guadalajara,"restaurant, food, point_of_interest, establishment"
The Nook,"bar, restaurant, food, point_of_interest, establishment"
La Guadalupana Latino Market,"grocery_or_supermarket, store, restaurant, food, point_of_interest, establishment"
The Red Lantern,"restaurant, food, point_of_interest, establishment"
Hamiltons' at First & Main,"restaurant, food, point_of_interest, establishment"
Subway,"meal_takeaway, restaurant, food, point_of_interest, establishment"
Bodo's Bagels,"bakery, store, restaurant, food, point_of_interest, establishment"
Continental Divide,"restaurant, food, point_of_interest, establishment"
The Whiskey Jar,"restaurant, food, point_of_interest, establishment"
Citizen Burger Bar,"bar, restaurant, food, point_of_interest, establishment"
Orzo Kitchen & Wine Bar,"bar, restaurant, food, point_of_interest, establishment"
Papa Johns Pizza,"restaurant, food, point_of_interest, establishment"
Miller's Downtown,"restaurant, bar, food, point_of_interest, establishment"
The Local,"bar, restaurant, food, point_of_interest, establishment"
Beer Run,"restaurant, liquor_store, bar, food, point_of_interest, store, establishment"
C & O,"bar, restaurant, food, point_of_interest, establishment"
South Street Brewery,"bar, restaurant, food, point_of_interest, establishment"
Belmont Pizza & Pub,"meal_delivery, bar, meal_takeaway, restaurant, food, point_of_interest, establishment"
Ten,"restaurant, food, point_of_interest, establishment"
Mas,"restaurant, food, point_of_interest, establishment"
Guadalajara,"restaurant, food, point_of_interest, establishment"
La Guadalupana Latino Market,"grocery_or_supermarket, restaurant, food, point_of_interest, store, establishment"
The Nook,"bar, restaurant, food, point_of_interest, establishment"
The Red Lantern,"restaurant, food, point_of_interest, establishment"
Hamiltons' at First & Main,"restaurant, food, point_of_interest, establishment"
Citizen Burger Bar,"bar, restaurant, food, point_of_interest, establishment"
The Whiskey Jar,"restaurant, food, point_of_interest, establishment"
Bodo's Bagels,"bakery, restaurant, food, point_of_interest, store, establishment"
Subway,"meal_takeaway, restaurant, food, point_of_interest, establishment"
Papa Johns Pizza,"restaurant, food, point_of_interest, establishment"
Miller's Downtown,"restaurant, bar, food, point_of_interest, establishment"
Pad Thai,"restaurant, food, point_of_interest, establishment"
Rapture Restaurant,"restaurant, night_club, bar, food, point_of_interest, establishment"
The Local,"bar, restaurant, food, point_of_interest, establishment"
Beer Run,"restaurant, liquor_store, bar, store, food, point_of_interest, establishment"
Belmont Pizza & Pub,"meal_delivery, meal_takeaway, bar, restaurant, food, point_of_interest, establishment"
C & O,"bar, restaurant, food, point_of_interest, establishment"
Mas,"restaurant, food, point_of_interest, establishment"
Guadalajara,"restaurant, food, point_of_interest, establishment"
La Guadalupana Latino Market,"grocery_or_supermarket, store, restaurant, food, point_of_interest, establishment"
The Red Lantern,"restaurant, food, point_of_interest, establishment"
Ten,"restaurant, food, point_of_interest, establishment"
The Nook,"bar, restaurant, food, point_of_interest, establishment"
South Street Brewery,"bar, restaurant, food, point_of_interest, establishment"
Papa Johns Pizza,"restaurant, food, point_of_interest, establishment"
Citizen Burger Bar,"bar, restaurant, food, point_of_interest, establishment"
Hamiltons' at First & Main,"restaurant, food, point_of_interest, establishment"
Pad Thai,"restaurant, food, point_of_interest, establishment"
Tip Top Restaurant,"restaurant, food, point_of_interest, establishment"
Starbucks,"cafe, store, restaurant, food, point_of_interest, establishment"
C'Ville Coffee,"cafe, meal_takeaway, store, restaurant, food, point_of_interest, establishment"
Rapture Restaurant,"restaurant, night_club, bar, food, point_of_interest, establishment"
The Whiskey Jar,"restaurant, food, point_of_interest, establishment"
South Street Brewery,"bar, restaurant, point_of_interest, food, establishment"
Continental Divide,"restaurant, point_of_interest, food, establishment"
Ten,"restaurant, point_of_interest, food, establishment"
Mellow Mushroom Charlottesville,"restaurant, point_of_interest, food, establishment"
Bodo's Bagels,"bakery, restaurant, point_of_interest, store, food, establishment"
Subway,"meal_takeaway, restaurant, point_of_interest, food, establishment"
Chipotle Mexican Grill,"restaurant, point_of_interest, food, establishment"
The Whiskey Jar,"restaurant, point_of_interest, food, establishment"
Hamiltons' at First & Main,"restaurant, point_of_interest, food, establishment"
Sedona Taphouse,"bar, restaurant, point_of_interest, food, establishment"
Orzo Kitchen & Wine Bar,"bar, restaurant, point_of_interest, food, establishment"
The Ivy Inn Restaurant,"restaurant, point_of_interest, food, establishment"
Citizen Burger Bar,"bar, restaurant, point_of_interest, food, establishment"
The Nook,"bar, restaurant, point_of_interest, food, establishment"
C & O,"bar, restaurant, point_of_interest, food, establishment"
Miller's Downtown,"restaurant, bar, point_of_interest, food, establishment"
Peter Chang China Grill,"restaurant, point_of_interest, food, establishment"
The Virginian,"restaurant, point_of_interest, food, establishment"
Christian's Pizza,"restaurant, point_of_interest, food, establishment"
Dinsmore Inn at The University,"cafe, lodging, restaurant, point_of_interest, food, establishment"
South Street Brewery,"bar, restaurant, food, point_of_interest, establishment"
C & O,"bar, restaurant, food, point_of_interest, establishment"
Ten,"restaurant, food, point_of_interest, establishment"
Continental Divide,"restaurant, food, point_of_interest, establishment"
Mellow Mushroom Charlottesville,"restaurant, food, point_of_interest, establishment"
The Nook,"bar, restaurant, food, point_of_interest, establishment"
Subway,"meal_takeaway, restaurant, food, point_of_interest, establishment"
Bodo's Bagels,"bakery, restaurant, food, point_of_interest, store, establishment"
Hamiltons' at First & Main,"restaurant, food, point_of_interest, establishment"
The Whiskey Jar,"restaurant, food, point_of_interest, establishment"
Guadalajara,"restaurant, food, point_of_interest, establishment"
Citizen Burger Bar,"bar, restaurant, food, point_of_interest, establishment"
Chipotle Mexican Grill,"restaurant, food, point_of_interest, establishment"
Orzo Kitchen & Wine Bar,"bar, restaurant, food, point_of_interest, establishment"
Miller's Downtown,"restaurant, bar, food, point_of_interest, establishment"
Christian's Pizza,"restaurant, food, point_of_interest, establishment"
C'Ville Coffee,"cafe, meal_takeaway, restaurant, food, point_of_interest, store, establishment"
Rapture Restaurant,"restaurant, night_club, bar, food, point_of_interest, establishment"
Sedona Taphouse,"bar, restaurant, food, point_of_interest, establishment"
Zocalo,"bar, restaurant, food, point_of_interest, establishment"
South Street Brewery,"bar, restaurant, point_of_interest, food, establishment"
C & O,"bar, restaurant, point_of_interest, food, establishment"
Ten,"restaurant, point_of_interest, food, establishment"
Continental Divide,"restaurant, point_of_interest, food, establishment"
Guadalajara,"restaurant, point_of_interest, food, establishment"
The Nook,"bar, restaurant, point_of_interest, food, establishment"
Mellow Mushroom Charlottesville,"restaurant, point_of_interest, food, establishment"
The Local,"bar, restaurant, point_of_interest, food, establishment"
Subway,"meal_takeaway, restaurant, point_of_interest, food, establishment"
Bodo's Bagels,"bakery, store, restaurant, point_of_interest, food, establishment"
Hamiltons' at First & Main,"restaurant, point_of_interest, food, establishment"
The Whiskey Jar,"restaurant, point_of_interest, food, establishment"
Citizen Burger Bar,"bar, restaurant, point_of_interest, food, establishment"
Orzo Kitchen & Wine Bar,"bar, restaurant, point_of_interest, food, establishment"
Miller's Downtown,"restaurant, bar, point_of_interest, food, establishment"
Christian's Pizza,"restaurant, point_of_interest, food, establishment"
Rapture Restaurant,"restaurant, night_club, bar, point_of_interest, food, establishment"
C'Ville Coffee,"cafe, meal_takeaway, store, restaurant, point_of_interest, food, establishment"
Zocalo,"bar, restaurant, point_of_interest, food, establishment"
The Virginian,"restaurant, point_of_interest, food, establishment"
